<?xml version='1.0' encoding='UTF-8' ?>
<timeLogEntries>
  <time id="6" path="/Non Project/PSP Fundamentals &amp; Advanced/Program 1/Planning" start="@1486240637000" delta="77" />
  <time id="7" path="/Non Project/PSP Fundamentals &amp; Advanced/Program 1/Design" start="@1486245235000" delta="133" interrupt="4" />
  <time id="8" path="/Non Project/PSP Fundamentals &amp; Advanced/Program 1/Code" start="@1486253538860" delta="378" interrupt="28" />
  <time id="9" path="/Non Project/PSP Fundamentals &amp; Advanced/Program 1/Compile" start="@1486277957067" delta="4" />
  <time id="10" path="/Non Project/PSP Fundamentals &amp; Advanced/Program 1/Test" start="@1486278226349" delta="96" />
  <time id="11" path="/Non Project/PSP Fundamentals &amp; Advanced/Program 1/Postmortem" start="@1486284007575" delta="9" />
  <time id="12" path="/Non Project/PSP Fundamentals &amp; Advanced/Program 2/Planning" start="@1487468560279" delta="62" />
  <time id="13" path="/Non Project/PSP Fundamentals &amp; Advanced/Program 2/Planning" start="@1487472281222" delta="1" />
  <time id="14" path="/Non Project/PSP Fundamentals &amp; Advanced/Program 2/Design" start="@1487472285853" delta="8" />
  <time id="15" path="/Non Project/PSP Fundamentals &amp; Advanced/Program 2/Design" start="@1487472839097" delta="5" />
  <time id="16" path="/Non Project/PSP Fundamentals &amp; Advanced/Program 2/Code" start="@1487473114000" delta="270" />
  <time id="17" path="/Non Project/PSP Fundamentals &amp; Advanced/Program 2/Test" start="@1487489512000" delta="55" comment="En este punto el equipo se reinició de forma no controlada en corrección de bug por incoherencia en lectura de líneas al aplicar una expresión regular el bug se inyecto en codificación y se corrigió, tomando un tiempo aproximado de una hora." />
  <time id="18" path="/Non Project/PSP Fundamentals &amp; Advanced/Program 2/Test" start="@1487493291000" delta="67" />
  <time id="19" path="/Non Project/PSP Fundamentals &amp; Advanced/Program 2/Postmortem" start="@1487497314531" delta="39" />
  <time id="20" path="/Non Project/PSP Fundamentals &amp; Advanced/Program 2/Compile" start="@1487489512000" delta="1" comment="No se presento errores de compilación" />
  <time id="21" path="/Non Project/PSP Fundamentals &amp; Advanced/Program 3/Planning" start="@1488765101170" delta="164" comment="Tomo mas tiempo del esperado por confucion en diligenciamiento de formatos" />
  <time id="22" path="/Non Project/PSP Fundamentals &amp; Advanced/Program 3/Design" start="@1488774940224" delta="45" />
  <time id="23" path="/Non Project/PSP Fundamentals &amp; Advanced/Program 3/Design Review" start="@1488777635617" delta="21" />
  <time id="24" path="/Non Project/PSP Fundamentals &amp; Advanced/Program 3/Code" start="@1488778925219" delta="127" comment="Se detuvo procesos para trabajar en tarea de análisis de sofware" />
  <time id="25" path="/Non Project/PSP Fundamentals &amp; Advanced/Program 3/Code" start="@1488845318842" delta="174" />
  <time id="26" path="/Non Project/PSP Fundamentals &amp; Advanced/Program 3/Code" start="@1488864058745" delta="66" />
  <time id="27" path="/Non Project/PSP Fundamentals &amp; Advanced/Program 3/Code Review" start="@1488868030144" delta="34" />
  <time id="28" path="/Non Project/PSP Fundamentals &amp; Advanced/Program 3/Compile" start="@1488870071806" delta="5" />
  <time id="29" path="/Non Project/PSP Fundamentals &amp; Advanced/Program 3/Test" start="@1488870383774" delta="14" />
  <time id="30" path="/Non Project/PSP Fundamentals &amp; Advanced/Program 3/Postmortem" start="@1488946750610" delta="77" />
  <time id="31" path="/Non Project/PSP Fundamentals &amp; Advanced/Program 4/Planning" start="@1489977355876" delta="90" comment="el tiempo de estimación de temaños fue más largo del esperado" />
  <time id="32" path="/Non Project/PSP Fundamentals &amp; Advanced/Program 4/Design" start="@1489982735528" delta="9" comment="Se utilizaron los resultados del diseño conceptual de la fase de planeación" />
  <time id="33" path="/Non Project/PSP Fundamentals &amp; Advanced/Program 4/Design Review" start="@1489983249027" delta="2" />
  <time id="34" path="/Non Project/PSP Fundamentals &amp; Advanced/Program 4/Code" start="@1489983375011" delta="143" interrupt="24" />
  <time id="35" path="/Non Project/PSP Fundamentals &amp; Advanced/Program 4/Code" start="@1490041763201" delta="2" />
  <time id="36" path="/Non Project/PSP Fundamentals &amp; Advanced/Program 4/Code Review" start="@1490041872803" delta="9" />
  <time id="37" path="/Non Project/PSP Fundamentals &amp; Advanced/Program 4/Test" start="@1490042433995" delta="9" />
  <time id="38" path="/Non Project/PSP Fundamentals &amp; Advanced/Program 4/Test" start="@1490050168071" delta="39" comment="Se tubieron problemas al tratar de desplegar en heroku" />
  <time id="39" path="/Non Project/PSP Fundamentals &amp; Advanced/Program 4/Postmortem" start="@1490052527448" delta="13" />
  <time id="40" path="/Non Project/PSP Fundamentals &amp; Advanced/Program 4/Postmortem" start="@1490056200529" delta="9" />
  <time id="41" path="/Non Project/PSP Fundamentals &amp; Advanced/Program 4/Compile" start="@1490042433000" comment="la compilación se realizo de forma inmediata" />
  <time id="42" path="/Non Project/PSP Fundamentals &amp; Advanced/Program 5/Planning" start="@1491193708336" delta="89" />
  <time id="43" path="/Non Project/PSP Fundamentals &amp; Advanced/Program 5/Design" start="@1491199046210" delta="70" />
  <time id="44" path="/Non Project/PSP Fundamentals &amp; Advanced/Program 5/Design Review" start="@1491265617337" delta="19" />
  <time id="45" path="/Non Project/PSP Fundamentals &amp; Advanced/Program 5/Code" start="@1491266766449" delta="97" interrupt="19" />
  <time id="46" path="/Non Project/PSP Fundamentals &amp; Advanced/Program 5/Code" start="@1491277160121" delta="118" interrupt="9" />
  <time id="47" path="/Non Project/PSP Fundamentals &amp; Advanced/Program 5/Code Review" start="@1491284823894" delta="28" />
  <time id="48" path="/Non Project/PSP Fundamentals &amp; Advanced/Program 5/Compile" start="@1491286496755" delta="1" />
  <time id="49" path="/Non Project/PSP Fundamentals &amp; Advanced/Program 5/Test" start="@1491286580299" delta="74" comment="se tuvo problemas al despliegue con heroku pero no es parte de errores en el codigo si no uso de la herramienta" />
  <time id="50" path="/Non Project/PSP Fundamentals &amp; Advanced/Program 5/Test" start="@1491372945002" delta="12" />
  <time id="51" path="/Non Project/PSP Fundamentals &amp; Advanced/Program 5/Postmortem" start="@1491373643358" delta="32" />
  <time id="52" path="/Non Project/PSP Fundamentals &amp; Advanced/Program 6/Planning" start="@1491965883318" delta="19" />
  <time id="53" path="/Non Project/PSP Fundamentals &amp; Advanced/Program 6/Planning" start="@1491968171816" delta="27" interrupt="5" />
  <time id="54" path="/Non Project/PSP Fundamentals &amp; Advanced/Program 6/Design" start="@1491970092519" delta="18" />
  <time id="55" path="/Non Project/PSP Fundamentals &amp; Advanced/Program 6/Design" start="@1492482564702" delta="9" />
  <time id="56" path="/Non Project/PSP Fundamentals &amp; Advanced/Program 6/Design Review" start="@1492483097300" delta="11" />
  <time id="57" path="/Non Project/PSP Fundamentals &amp; Advanced/Program 6/Code" start="@1492483734267" delta="18" />
  <time id="58" path="/Non Project/PSP Fundamentals &amp; Advanced/Program 6/Code" start="@1492486038606" delta="66" />
  <time id="59" path="/Non Project/PSP Fundamentals &amp; Advanced/Program 6/Code" start="@1492492372335" delta="21" />
  <time id="60" path="/Non Project/PSP Fundamentals &amp; Advanced/Program 6/Code Review" start="@1492493610794" delta="16" />
  <time id="61" path="/Non Project/PSP Fundamentals &amp; Advanced/Program 6/Compile" start="@1492494554306" delta="3" />
  <time id="62" path="/Non Project/PSP Fundamentals &amp; Advanced/Program 6/Test" start="@1492494729321" delta="7" />
  <time id="63" path="/Non Project/PSP Fundamentals &amp; Advanced/Program 6/Postmortem" start="@1492495177503" delta="15" />
</timeLogEntries>
